ticker,name,segment,price,mcap_cr,net_debt_cr,ev_cr,sales_growth,ebitda_margin,ev_ebitda,pe,pb,roe,nd_ebitda
ADANIGREEN,Adani Green Energy,Renewables,1348.0,222039.345694,99472.0,331425.345694,0.15305030324652158,0.8342357673267327,30.730212859898007,111.74602198993458,11.121429786826946,0.12379291009905925,9.223180343069078
ADANIPOWER,Adani Power,IPP / thermal,205.25,395818.358820125,52278.44,449561.838820125,-0.03490916854972159,0.365148135174499,22.698265112598452,30.515639412545294,6.095421082281673,0.21389466046634345,2.639525396344542
CESC,CESC,Integrated / private,161.84,21453.03183912,16067.49,38179.031839120005,0.0922886889006529,0.1951534733441034,10.535052935739516,13.258981359159456,1.7121334269050281,0.13186634066829667,4.433634105960265
JPPOWER,JP Power Ventures,IPP / thermal,17.39,11918.164900153,2636.05,14554.214900153002,0.018491395093372498,0.24573072083408232,10.646828749197514,26.426086253110867,0.9360795554628496,0.0360612481509615,1.9283467446964155
JSWENERGY,JSW Energy,IPP / private,560.0,102612.884864,68836.99,174275.72486400002,0.6092805449127288,0.532670229088408,17.309865401668656,37.15165997972484,3.336895868882313,0.09505781938325991,6.837205999205404
NHPC,NHPC,Hydro / PSU,76.9,77246.31765045,48799.45,133013.43765045,0.11897880539499028,0.35273353422298753,32.466057517805716,18.304814609111375,1.8641870224787027,0.1040626348560508,11.911020258725896
NLCINDIA,NLC India,Lignite-thermal / PSU,275.14,38151.919660026,27178.64,69079.80966002599,0.14338859156768047,0.3172555511159313,12.428897024114068,10.122557617412046,1.7724469063891288,0.18728880938183265,4.890003598416697
NTPC,NTPC Ltd,Integrated / thermal-led,336.37,326166.758749358,264555.32,598699.468749358,-0.004002381230798657,0.2958507884836033,10.799442056880803,11.84080297500029,1.6053409790002657,0.14226578901837844,4.772093509866878
POWERGRID,Power Grid Corp,Transmission / PSU,266.05,247442.564604495,143137.69,390580.254604495,0.020549440950384357,0.7025228425309739,11.896690768008742,15.53506809420486,2.462262071412174,0.16492283479242276,4.359833389174865
PTC,PTC India,Power trading,161.47,4779.646359187001,-2816.2200000000003,3041.206359187,0.06964729893488109,0.05318704907280425,3.4094241694921528,6.666173443775454,0.7991383312467816,0.12166977770235873,-3.1571973094170405
RPOWER,Reliance Power,IPP / thermal,22.98,9504.001679868,14307.75,23811.751679868,0.004879335355400194,0.31036745406824146,10.068393944975899,,0.5925188079718205,-0.020817246811007814,6.049788583509514
SJVN,SJVN,Hydro / PSU,66.85,26270.680744874997,30142.05,56423.11074487499,0.47395833333333326,0.7422703180212014,16.787596175208268,40.92006346553738,1.8449807391582975,0.045182630727004014,8.968179113359119
TATAPOWER,Tata Power,Integrated / private,382.05,122077.947393135,70375.21,200524.017393135,-0.046565258560127054,0.21257748802639798,15.109940275272022,23.852666548092028,3.0930867384497565,0.1359200095606103,5.302931956898501
TORNTPOWER,Torrent Power,Integrated / private,1309.1,65966.01281413,11651.59,78251.02281412999,-0.0068232470426881076,0.19253607677967272,14.031024352542584,26.71770466347914,3.4582444463501965,0.13458708094848731,2.0892218038371886
