ticker,fy,sales_cr,scope1_emissions,scope2_emissions,scope12_emissions,carbon_intensity,unit_flag
ADANIGREEN,2020,3124.0,1317.0,14656.0,15973.0,5.112996158770807,0
ADANIGREEN,2021,5133.0,1272.0,30535.0,31807.0,6.196571205922463,0
ADANIGREEN,2022,7792.0,711.11,31888.0,32599.11,4.183664014373717,0
ADANIGREEN,2023,9220.0,3019.0,36600.0,39619.0,4.2970715835141,0
ADANIGREEN,2024,11212.0,6818.0,42349.0,49167.0,4.385212272565108,0
ADANIGREEN,2025,12928.0,6679.0,75374.0,82053.0,6.346921410891089,0
ADANIPOWER,2020,26221.0,54430000.0,44000.0,54474000.0,2077.4951374852217,0
ADANIPOWER,2022,38773.0,49032768.27,46004.71,49078772.98,1265.797667964821,0
ADANIPOWER,2023,50351.0,72948754.5,5253.81,72954008.31,1448.9088262397968,0
ADANIPOWER,2024,56203.0,86427664.95,1366.59,86429031.54,1537.8010344643526,0
ADANIPOWER,2025,54241.0,90065058.43,52939.84,90117998.27,1661.436888516067,0
CESC,2020,11632.0,4796547.0,0.0,4796547.0,412.35789202200823,0
CESC,2022,14246.0,5205674.2,14912.9,5220587.100000001,366.4598553980065,0
CESC,2023,15293.0,5690530.16,12654.26,5703184.42,372.92777218335186,0
CESC,2024,17001.0,5515193.14,24567.6,5539760.739999999,325.8491112287512,0
CESC,2025,18570.0,5305122.29,20765.36,5325887.65,286.8006273559505,0
JPPOWER,2020,3302.0,6105567.0,0.0,6105567.0,1849.0511811023623,0
JPPOWER,2021,4625.0,6941549.0,0.0,6941549.0,1500.8754594594595,0
JPPOWER,2022,5787.0,6904301.0,0.0,6904301.0,1193.07084845343,0
JPPOWER,2023,6763.0,8369523.0,0.0,8369523.0,1237.545911577702,0
JPPOWER,2025,5563.0,20098263.61,6774.89,20105038.5,3614.0640841272693,0
JSWENERGY,2021,8167.0,15086661.31,33292.43,15119953.74,1851.3473417411535,0
JSWENERGY,2022,10332.0,16062495.59,26401.42,16088897.01,1557.1909610917537,0
JSWENERGY,2023,11486.0,18524363.7,36577.71,18560941.41,1615.9621635033955,0
JSWENERGY,2024,11745.0,20522777.86,36661.4,20559439.26,1750.484398467433,0
JSWENERGY,2025,18901.0,32085981.42,43205.83,32129187.25,1699.8670572985557,0
NHPC,2021,9144.0,0.0,0.0,0.0,0.0,1
NHPC,2023,9631.0,4130.0,38684.0,42814.0,4.445436610943827,0
NHPC,2024,10380.0,4016.0,41528.0,45544.0,4.38766859344894,0
NHPC,2025,11615.0,3994.0,39394.0,43388.0,3.735514421007318,0
NLCINDIA,2020,9936.0,20000000.0,630000.0,20630000.0,2076.2882447665056,0
NLCINDIA,2021,12070.0,26576644.4,0.58,26576644.979999997,2201.8761375310687,0
NLCINDIA,2022,16165.0,27978031.0,324.0,27978355.0,1730.798329724714,0
NLCINDIA,2023,13001.0,25154950.0,303.0,25155253.0,1934.8706253365126,0
NLCINDIA,2024,15322.0,30079691.55,44935.21,30124626.76,1966.1027777052605,0
NTPC,2021,132669.0,303.34,0.01,303.34999999999997,0.0022865175738115157,1
NTPC,2022,176207.0,335.72,0.07,335.79,0.001905656415465901,1
NTPC,2024,188138.0,326959946.44,64979.66,327024926.1,1738.2183615218617,0
NTPC,2025,187385.0,309007966.99,72361.35,309080328.34000003,1649.440074392294,0
POWERGRID,2021,41622.0,121026.0,235954.0,356980.0,8.576714237662774,0
POWERGRID,2022,45581.0,123830.0,239561.0,363391.0,7.97242271999298,0
POWERGRID,2023,45843.0,73497.0,270872.0,344369.0,7.511921122090613,0
POWERGRID,2024,45792.0,49785.0,267643.0,317428.0,6.931953179594689,0
POWERGRID,2025,46733.0,74764.0,185679.0,260443.0,5.5729998074166005,0
PTC,2021,16856.0,10.0,291.0,301.0,0.017857142857142856,0
PTC,2022,15971.0,34.0,278.0,312.0,0.01953540792686745,0
PTC,2023,16763.0,46.0,264.0,310.0,0.018493109825210286,0
PTC,2024,15679.0,32.0,270.0,302.0,0.019261432489316922,0
RPOWER,2021,7503.0,31268270.0,58877.0,31327147.0,4175.2828202052515,0
RPOWER,2022,7514.0,30525298.0,60931.0,30586229.0,4070.5654777748205,0
RPOWER,2023,7893.0,9882704.0,0.0,9882704.0,1252.0846319523628,0
RPOWER,2024,7583.0,32965431.0,0.0,32965431.0,4347.280891467757,0
RPOWER,2025,7620.0,30173471.0,0.0,30173471.0,3959.773097112861,0
SJVN,2021,2417.0,152.07,20058.26,20210.33,8.361741828713281,0
SJVN,2022,2938.0,144.9,22100.3,22245.2,7.571545268890402,0
SJVN,2023,2579.0,648.0,11456.8,12104.8,4.693602171384257,0
SJVN,2024,3072.0,476.0,3118.2,3594.2,1.1699869791666666,0
SJVN,2025,4528.0,2664.78,7995.34,10660.12,2.354266784452297,0
TATAPOWER,2020,32703.0,34.5,0.031,34.531,0.0010558970125064979,1
TATAPOWER,2021,42816.0,27.33,0.285,27.615,0.0006449691704035874,1
TATAPOWER,2023,61449.0,40201962.0,2886646.0,43088608.0,701.2092629660369,0
TATAPOWER,2024,65478.0,41352681.0,3201561.0,44554242.0,680.4459818565015,0
TATAPOWER,2025,62429.0,26066679.0,2587187.0,28653866.0,458.98326098447836,0
TORNTPOWER,2021,14258.0,4.44,1.1,5.540000000000001,0.0003885537943610605,1
TORNTPOWER,2022,25694.0,3310254.97,1.37,3310256.3400000003,128.83382657429752,0
TORNTPOWER,2023,27183.0,5.25,1.52,6.77,0.0002490527167715116,1
TORNTPOWER,2024,29165.0,4.86,1319705.73,1319710.59,45.24980593176753,1
TORNTPOWER,2025,28966.0,4180075.44,1361824.23,5541899.67,191.32429986881172,0
