ticker,fy,sales,expenses,operating_profit,other_income,interest,depreciation,pbt,net_profit,equity_capital,reserves,borrowings,other_liabilities,total_liabilities,fixed_assets,cwip,investments,other_assets,total_assets,cfo,cfi,cff
ADANIGREEN,2015,28.0,14.0,13.0,7.0,23.0,6.0,-9.0,-9.0,160.0,-9.0,4132.0,1286.0,5569.0,2781.0,1962.0,7.0,819.0,5569.0,,,
ADANIGREEN,2016,502.0,98.0,403.0,80.0,334.0,333.0,-184.0,-47.0,1274.0,-71.0,4347.0,610.0,6160.0,4341.0,267.0,26.0,1525.0,6160.0,28.0,-1511.0,1559.0
ADANIGREEN,2017,1480.0,637.0,843.0,42.0,552.0,543.0,-210.0,-138.0,1564.0,-223.0,9864.0,4503.0,15709.0,9120.0,1725.0,87.0,4777.0,15709.0,649.0,-4428.0,3942.0
ADANIGREEN,2018,2058.0,532.0,1526.0,73.0,1121.0,1062.0,-585.0,-475.0,1564.0,369.0,11142.0,1582.0,14658.0,10388.0,743.0,77.0,3449.0,14658.0,1625.0,-2666.0,1045.0
ADANIGREEN,2019,2549.0,1099.0,1450.0,-111.0,995.0,394.0,-50.0,-68.0,1564.0,792.0,14867.0,1201.0,18424.0,12554.0,1208.0,477.0,4185.0,18424.0,1965.0,-3743.0,2161.0
ADANIGREEN,2020,3124.0,883.0,2241.0,385.0,1953.0,486.0,187.0,182.0,1564.0,636.0,24209.0,2283.0,28692.0,16429.0,4452.0,502.0,7309.0,28692.0,1601.0,-9137.0,7083.0
ADANIGREEN,2021,5133.0,1621.0,3512.0,507.0,2617.0,849.0,553.0,489.0,1564.0,1050.0,52832.0,3508.0,58954.0,28452.0,19899.0,574.0,10029.0,58954.0,3060.0,-18663.0,15986.0
ADANIGREEN,2022,7792.0,2822.0,4970.0,667.0,2911.0,1300.0,1426.0,973.0,1584.0,5720.0,54223.0,5382.0,66909.0,48336.0,5291.0,1149.0,12133.0,66909.0,7265.0,-3857.0,-2973.0
ADANIGREEN,2023,9220.0,1902.0,7318.0,1262.0,5006.0,1903.0,1671.0,1260.0,1584.0,8250.0,64858.0,13394.0,88086.0,62284.0,6427.0,1515.0,17860.0,88086.0,7713.0,-21060.0,13953.0
ADANIGREEN,2024,11212.0,2323.0,8889.0,1316.0,5492.0,2498.0,2215.0,2001.0,1584.0,10553.0,80040.0,18587.0,110764.0,79914.0,14480.0,2743.0,13627.0,110764.0,8364.0,-19828.0,12068.0
ADANIGREEN,2025,12928.0,2143.0,10785.0,1072.0,6484.0,3372.0,2001.0,1987.0,1647.0,18318.0,103545.0,19478.0,142988.0,102138.0,19031.0,2983.0,18836.0,142988.0,10135.0,-26227.0,15615.0
ADANIPOWER,2014,18683.0,14005.0,4678.0,1188.0,4864.0,1818.0,-816.0,-816.0,2872.0,2853.0,44742.0,8008.0,58474.0,45080.0,191.0,357.0,12846.0,58474.0,5824.0,-4737.0,-1144.0
ADANIPOWER,2015,25377.0,16575.0,8802.0,-201.0,5560.0,2666.0,375.0,551.0,3334.0,4134.0,52729.0,15597.0,75794.0,56941.0,88.0,0.0,18765.0,75794.0,5257.0,-2692.0,-2713.0
ADANIPOWER,2016,22616.0,16635.0,5980.0,-3666.0,5902.0,2672.0,-6260.0,-6174.0,3857.0,-857.0,52484.0,16027.0,71511.0,54391.0,125.0,164.0,16831.0,71511.0,4725.0,-1212.0,-3539.0
ADANIPOWER,2017,20304.0,14868.0,5436.0,754.0,5570.0,2699.0,-2079.0,-2103.0,3857.0,-2968.0,52835.0,15804.0,69528.0,52137.0,120.0,0.0,17271.0,69528.0,5101.0,-520.0,-4600.0
ADANIPOWER,2018,23884.0,18901.0,4983.0,2448.0,5657.0,2751.0,-976.0,-984.0,3857.0,3855.0,46980.0,13293.0,67985.0,50419.0,350.0,3.0,17213.0,67985.0,5610.0,-984.0,-4663.0
ADANIPOWER,2019,26468.0,20734.0,5734.0,323.0,5315.0,3006.0,-2265.0,-2275.0,3857.0,2624.0,55199.0,13346.0,75025.0,55846.0,2347.0,3.0,16830.0,75025.0,5598.0,-2304.0,-2377.0
ADANIPOWER,2020,26221.0,17533.0,8688.0,1909.0,5106.0,3202.0,2289.0,1270.0,3857.0,9256.0,52411.0,13012.0,78535.0,52851.0,6439.0,20.0,19225.0,78535.0,7014.0,-2188.0,-5655.0
ADANIPOWER,2021,27711.0,17830.0,9881.0,3908.0,4095.0,3118.0,6577.0,4912.0,3857.0,14600.0,49145.0,14379.0,81981.0,53274.0,10270.0,183.0,18254.0,81981.0,10233.0,774.0,-10338.0
ADANIPOWER,2022,38773.0,28677.0,10096.0,4216.0,3334.0,3304.0,7675.0,10727.0,3857.0,25772.0,42596.0,13596.0,85821.0,51451.0,12880.0,654.0,20836.0,85821.0,8431.0,1545.0,-10408.0
ADANIPOWER,2023,50351.0,32124.0,18228.0,9883.0,3388.0,3931.0,20792.0,20829.0,3857.0,39042.0,34862.0,14248.0,92009.0,63016.0,925.0,374.0,27694.0,92009.0,14170.0,3481.0,-16864.0
ADANIPOWER,2024,56203.0,34785.0,21418.0,2590.0,3340.0,4309.0,16360.0,12750.0,3857.0,52490.0,39495.0,17076.0,112918.0,69297.0,12104.0,1097.0,30418.0,112918.0,21501.0,-17142.0,-5175.0
ADANIPOWER,2025,54241.0,34434.0,19806.0,3625.0,3367.0,4565.0,15500.0,12971.0,3857.0,61080.0,54670.0,21861.0,141469.0,69401.0,35053.0,1516.0,35498.0,141469.0,20514.0,-26461.0,6555.0
CESC,2014,11067.0,9088.0,1979.0,153.0,1045.0,589.0,498.0,299.0,133.0,5896.0,14202.0,7629.0,27860.0,20869.0,410.0,670.0,5912.0,27860.0,889.0,-2381.0,1331.0
CESC,2015,12124.0,8839.0,3285.0,116.0,1593.0,766.0,1042.0,729.0,133.0,10470.0,14877.0,10947.0,36428.0,26500.0,505.0,1002.0,8420.0,36428.0,2480.0,-1220.0,-1181.0
CESC,2016,8363.0,5510.0,2854.0,475.0,1482.0,715.0,1131.0,810.0,133.0,10489.0,15599.0,11248.0,37470.0,26626.0,392.0,1110.0,9343.0,37470.0,2655.0,-1493.0,-760.0
CESC,2017,10275.0,7235.0,3040.0,454.0,1411.0,751.0,1331.0,975.0,133.0,8287.0,14578.0,9988.0,32986.0,23854.0,217.0,1174.0,7742.0,32986.0,2469.0,-1606.0,-1485.0
CESC,2018,10664.0,7738.0,2926.0,1163.0,1432.0,764.0,1893.0,1198.0,133.0,8841.0,14479.0,10017.0,33470.0,23649.0,161.0,1185.0,8474.0,33470.0,2294.0,-686.0,-1737.0
CESC,2019,12159.0,8902.0,3257.0,842.0,1484.0,848.0,1768.0,1309.0,133.0,9278.0,13991.0,12055.0,35457.0,24739.0,168.0,180.0,10371.0,35457.0,3408.0,-466.0,-2219.0
CESC,2020,11632.0,8338.0,3293.0,665.0,1340.0,867.0,1752.0,1363.0,133.0,9740.0,14277.0,11712.0,35862.0,24197.0,134.0,308.0,11222.0,35862.0,2806.0,-1489.0,-1739.0
CESC,2021,12544.0,9509.0,3035.0,1013.0,1248.0,885.0,1915.0,1404.0,133.0,10263.0,14961.0,12136.0,37493.0,23216.0,102.0,460.0,13716.0,37493.0,2499.0,-575.0,-611.0
CESC,2022,14246.0,11972.0,2274.0,1584.0,1241.0,878.0,1739.0,1397.0,133.0,10777.0,14263.0,12539.0,37712.0,22826.0,140.0,77.0,14669.0,37712.0,1978.0,-545.0,-2457.0
CESC,2023,15293.0,13017.0,2276.0,2000.0,1377.0,1217.0,1683.0,1447.0,133.0,11312.0,14544.0,11179.0,37168.0,22131.0,175.0,57.0,14806.0,37168.0,2351.0,-564.0,-1642.0
CESC,2024,17001.0,14152.0,2849.0,1619.0,1479.0,1205.0,1783.0,1429.0,133.0,11877.0,17978.0,11022.0,41010.0,22847.0,403.0,59.0,17701.0,41010.0,2581.0,-3012.0,1337.0
CESC,2025,18570.0,14947.0,3624.0,1255.0,1532.0,1228.0,2119.0,1618.0,133.0,12397.0,21671.0,12269.0,46470.0,22840.0,2905.0,154.0,20570.0,46470.0,4057.0,-3235.0,1205.0
JPPOWER,2014,4140.0,1361.0,2779.0,90.0,2189.0,518.0,162.0,169.0,2938.0,3473.0,32065.0,4086.0,42561.0,24156.0,12696.0,1986.0,3724.0,42561.0,2676.0,-4886.0,2058.0
JPPOWER,2015,4113.0,1561.0,2552.0,75.0,2478.0,635.0,-485.0,-243.0,2938.0,4676.0,25076.0,3583.0,36273.0,23530.0,8029.0,1986.0,2729.0,36273.0,2816.0,6416.0,-9494.0
JPPOWER,2016,4658.0,2944.0,1713.0,87.0,2777.0,771.0,-1748.0,-1295.0,5996.0,3391.0,23994.0,4454.0,37836.0,27437.0,4848.0,1986.0,3565.0,37836.0,1413.0,-802.0,-672.0
JPPOWER,2017,4877.0,3352.0,1525.0,41.0,2614.0,819.0,-1867.0,-1690.0,5996.0,1783.0,23416.0,5907.0,37102.0,31093.0,561.0,1986.0,3461.0,37102.0,1782.0,-230.0,-1543.0
JPPOWER,2018,3892.0,2623.0,1268.0,219.0,1474.0,528.0,-515.0,-367.0,5996.0,1381.0,23194.0,6690.0,37260.0,30650.0,534.0,1986.0,4090.0,37260.0,1178.0,-191.0,-1020.0
JPPOWER,2019,3284.0,2396.0,887.0,-1074.0,652.0,479.0,-1318.0,-2147.0,6840.0,3158.0,6023.0,1822.0,17844.0,15251.0,477.0,21.0,2095.0,17844.0,1028.0,-145.0,-822.0
JPPOWER,2020,3302.0,2144.0,1157.0,293.0,579.0,480.0,392.0,281.0,6853.0,3429.0,5236.0,1476.0,16994.0,14272.0,411.0,112.0,2199.0,16994.0,813.0,280.0,-1136.0
JPPOWER,2021,4625.0,3512.0,1113.0,235.0,556.0,481.0,310.0,107.0,6853.0,3536.0,5078.0,1879.0,17347.0,13803.0,395.0,234.0,2915.0,17347.0,845.0,-113.0,-711.0
JPPOWER,2022,5787.0,4666.0,1121.0,129.0,560.0,464.0,225.0,55.0,6853.0,3592.0,4761.0,2101.0,17307.0,13385.0,419.0,191.0,3312.0,17307.0,767.0,109.0,-880.0
JPPOWER,2023,6763.0,4527.0,2236.0,-73.0,449.0,465.0,1249.0,1022.0,6853.0,4614.0,4246.0,1590.0,17303.0,13007.0,240.0,525.0,3532.0,17303.0,1927.0,-991.0,-964.0
JPPOWER,2024,5462.0,3608.0,1855.0,245.0,414.0,470.0,1216.0,814.0,6853.0,5428.0,3778.0,1726.0,17786.0,12696.0,249.0,490.0,4350.0,17786.0,1714.0,39.0,-892.0
JPPOWER,2025,5563.0,4196.0,1367.0,228.0,375.0,473.0,747.0,451.0,6853.0,5879.0,3391.0,1834.0,17958.0,12280.0,277.0,483.0,4918.0,17958.0,1301.0,-676.0,-762.0
JSWENERGY,2014,9347.0,5723.0,3624.0,196.0,1137.0,790.0,1892.0,1358.0,1640.0,5878.0,9294.0,2608.0,19420.0,13191.0,454.0,1619.0,4157.0,19420.0,3394.0,-422.0,-2327.0
JSWENERGY,2015,9824.0,5796.0,4029.0,340.0,1498.0,854.0,2017.0,1460.0,1627.0,8077.0,14862.0,3973.0,28539.0,20298.0,321.0,1012.0,6908.0,28539.0,3538.0,-3272.0,-1622.0
JSWENERGY,2016,8263.0,4939.0,3324.0,221.0,1685.0,969.0,892.0,623.0,1628.0,8741.0,14349.0,3672.0,28389.0,19491.0,531.0,1579.0,6789.0,28389.0,3853.0,-762.0,-2595.0
JSWENERGY,2017,8049.0,5336.0,2713.0,47.0,1456.0,966.0,338.0,85.0,1640.0,9470.0,11883.0,3728.0,26721.0,18877.0,294.0,2415.0,5135.0,26721.0,3934.0,-215.0,-3968.0
JSWENERGY,2018,9138.0,6283.0,2855.0,398.0,1192.0,1164.0,897.0,684.0,1641.0,10181.0,10555.0,3549.0,25926.0,17825.0,400.0,2451.0,5251.0,25926.0,2491.0,-55.0,-2523.0
JSWENERGY,2019,8273.0,5316.0,2957.0,376.0,1051.0,1738.0,544.0,1081.0,1642.0,10004.0,9840.0,3445.0,24931.0,16713.0,391.0,1854.0,5974.0,24931.0,2082.0,301.0,-1962.0
JSWENERGY,2020,6922.0,4009.0,2913.0,248.0,896.0,1167.0,1099.0,823.0,1642.0,12865.0,8371.0,3328.0,26207.0,15637.0,473.0,4052.0,6045.0,26207.0,3700.0,-1030.0,-2515.0
JSWENERGY,2021,8167.0,4596.0,3572.0,575.0,777.0,1131.0,2238.0,1743.0,1640.0,15775.0,8943.0,4157.0,30514.0,14831.0,2091.0,6623.0,6970.0,30514.0,2952.0,-1387.0,-781.0
JSWENERGY,2022,10332.0,7050.0,3282.0,674.0,844.0,1169.0,1943.0,1480.0,1641.0,16988.0,25051.0,4737.0,48417.0,25020.0,4788.0,6033.0,12576.0,48417.0,2084.0,-6778.0,7327.0
JSWENERGY,2023,11486.0,6104.0,5382.0,472.0,2053.0,1633.0,2167.0,1725.0,1641.0,19191.0,31573.0,5362.0,57767.0,28946.0,10285.0,7035.0,11501.0,57767.0,6234.0,-8197.0,1675.0
JSWENERGY,2024,11745.0,6524.0,5221.0,916.0,2269.0,1655.0,2214.0,1983.0,1745.0,25616.0,50185.0,11909.0,89455.0,54155.0,10281.0,9755.0,15264.0,89455.0,3838.0,-22990.0,20223.0
JSWENERGY,2025,18901.0,8833.0,10068.0,920.0,5816.0,3185.0,1986.0,2762.0,1756.0,28995.0,76946.0,16110.0,123807.0,74523.0,17465.0,11379.0,20441.0,123807.0,9898.0,-18523.0,10617.0
NHPC,2014,8221.0,3087.0,5134.0,1597.0,1296.0,1715.0,3718.0,2798.0,11071.0,19687.0,20584.0,10094.0,61436.0,27916.0,16378.0,1020.0,16123.0,61436.0,4061.0,-768.0,-2494.0
NHPC,2015,8354.0,3571.0,4783.0,1174.0,1160.0,1432.0,3365.0,2365.0,11071.0,20572.0,19938.0,11242.0,62823.0,22610.0,16742.0,606.0,22866.0,62823.0,5971.0,-746.0,-4000.0
NHPC,2016,8623.0,3739.0,4884.0,2245.0,1133.0,1462.0,4535.0,3480.0,10259.0,18756.0,19227.0,11946.0,60187.0,22227.0,17588.0,1020.0,19352.0,60187.0,8329.0,-1864.0,-7812.0
NHPC,2017,7755.0,3508.0,4248.0,1185.0,924.0,1469.0,3040.0,2785.0,10259.0,19782.0,18602.0,14290.0,62933.0,21201.0,19087.0,1125.0,21520.0,62933.0,4696.0,-886.0,-3863.0
NHPC,2018,8983.0,4002.0,4981.0,1733.0,896.0,1658.0,4159.0,2836.0,10045.0,20753.0,19066.0,16870.0,66734.0,24977.0,15037.0,1283.0,25437.0,66734.0,3824.0,-1182.0,-2637.0
NHPC,2019,10008.0,5152.0,4856.0,901.0,877.0,1614.0,3266.0,3345.0,10045.0,21336.0,23226.0,16669.0,71277.0,24402.0,17180.0,1398.0,28297.0,71277.0,2993.0,-2987.0,12.0
NHPC,2020,9648.0,4371.0,5277.0,1087.0,577.0,1292.0,4495.0,3600.0,10045.0,23008.0,23365.0,16717.0,73136.0,21993.0,19167.0,1842.0,30133.0,73136.0,5070.0,-1607.0,-3058.0
NHPC,2021,9144.0,5131.0,4013.0,981.0,586.0,1190.0,3217.0,3774.0,10045.0,24876.0,26096.0,16271.0,77288.0,21825.0,22522.0,2386.0,30554.0,77288.0,4590.0,-3084.0,-638.0
NHPC,2022,10607.0,4423.0,6184.0,743.0,475.0,1215.0,5237.0,4261.0,10045.0,26916.0,29540.0,19710.0,86211.0,22137.0,31357.0,499.0,32218.0,86211.0,4705.0,-4191.0,-795.0
NHPC,2023,9631.0,4695.0,4936.0,2030.0,767.0,1184.0,5015.0,4000.0,10045.0,28624.0,32561.0,21037.0,92267.0,21474.0,39798.0,479.0,30516.0,92267.0,7252.0,-5940.0,-924.0
NHPC,2024,10380.0,4857.0,5523.0,1626.0,1189.0,1193.0,4767.0,3412.0,10045.0,29623.0,39557.0,23455.0,102680.0,22168.0,50601.0,444.0,29467.0,102680.0,5026.0,-7550.0,1904.0
NHPC,2025,11615.0,7519.0,4097.0,3196.0,1423.0,1976.0,3894.0,4220.0,10045.0,31392.0,52327.0,26243.0,120007.0,50290.0,34948.0,440.0,34329.0,120007.0,3294.0,-11139.0,8928.0
NLCINDIA,2014,6075.0,4535.0,1540.0,1434.0,150.0,441.0,2383.0,1580.0,1678.0,13198.0,6601.0,4279.0,25756.0,6655.0,10985.0,103.0,8014.0,25756.0,1036.0,-502.0,-1231.0
NLCINDIA,2015,7828.0,5334.0,2494.0,-412.0,467.0,910.0,705.0,68.0,1678.0,11104.0,8423.0,8488.0,29693.0,16327.0,2542.0,13.0,10812.0,29693.0,1301.0,-1380.0,63.0
NLCINDIA,2016,11094.0,5998.0,5097.0,-1176.0,588.0,1044.0,2289.0,2457.0,1529.0,10598.0,11479.0,9888.0,33493.0,15997.0,5219.0,13.0,12265.0,33493.0,1225.0,-4332.0,-68.0
NLCINDIA,2017,11289.0,7401.0,3887.0,713.0,548.0,1232.0,2821.0,1957.0,1529.0,11823.0,13215.0,11880.0,38448.0,16765.0,8397.0,13.0,13273.0,38448.0,4533.0,-4593.0,98.0
NLCINDIA,2018,9871.0,7614.0,2257.0,2125.0,700.0,1121.0,2561.0,1537.0,1387.0,11383.0,20598.0,11917.0,45285.0,17658.0,13856.0,13.0,13759.0,45285.0,1620.0,-6119.0,4416.0
NLCINDIA,2019,10325.0,7039.0,3286.0,1568.0,1174.0,1334.0,2345.0,1453.0,1387.0,11518.0,27230.0,12493.0,52628.0,24109.0,12662.0,14.0,15844.0,52628.0,1647.0,-5812.0,4163.0
NLCINDIA,2020,9936.0,7316.0,2620.0,2531.0,1313.0,1584.0,2254.0,1345.0,1387.0,12714.0,27234.0,12593.0,53927.0,26443.0,11597.0,14.0,15874.0,53927.0,4390.0,-2212.0,-2037.0
NLCINDIA,2021,12070.0,8119.0,3951.0,1544.0,984.0,1909.0,2603.0,1116.0,1387.0,12803.0,22086.0,13542.0,49818.0,24875.0,13022.0,7.0,11914.0,49818.0,7746.0,-763.0,-7001.0
NLCINDIA,2022,16165.0,10425.0,5740.0,-872.0,1012.0,1801.0,2056.0,1426.0,1387.0,13782.0,22333.0,15605.0,53107.0,24058.0,14636.0,8.0,14405.0,53107.0,4171.0,-2499.0,-1735.0
NLCINDIA,2023,13001.0,9564.0,3438.0,2118.0,849.0,1825.0,2882.0,1868.0,1387.0,15144.0,22415.0,16043.0,54989.0,23391.0,17726.0,8.0,13864.0,54989.0,5512.0,-3059.0,-1985.0
NLCINDIA,2024,15322.0,10575.0,4747.0,1766.0,932.0,1884.0,3697.0,2714.0,1387.0,17336.0,22429.0,16752.0,57904.0,30699.0,15297.0,9.0,11898.0,57904.0,8977.0,-7160.0,-2196.0
NLCINDIA,2025,17519.0,11962.0,5558.0,1917.0,1222.0,2379.0,3875.0,3769.0,1387.0,20138.0,27892.0,15381.0,64798.0,36596.0,14293.0,8.0,13900.0,64798.0,5166.0,-7549.0,2907.0
NTPC,2014,79957.0,62605.0,17352.0,2338.0,3669.0,5565.0,10456.0,9992.0,8245.0,73849.0,102252.0,35366.0,219712.0,91853.0,67555.0,1902.0,58403.0,219712.0,14889.0,-15977.0,-1474.0
NTPC,2015,73396.0,54829.0,18568.0,1188.0,3366.0,5771.0,10618.0,10781.0,8245.0,83330.0,99424.0,33666.0,224665.0,92929.0,75046.0,6473.0,50217.0,224665.0,24125.0,-19162.0,-3899.0
NTPC,2016,82042.0,60445.0,21598.0,1592.0,3753.0,6010.0,13426.0,10714.0,8245.0,89593.0,113773.0,36990.0,248601.0,104532.0,86896.0,7614.0,49560.0,248601.0,20167.0,-24480.0,3138.0
NTPC,2017,88083.0,65598.0,22485.0,5576.0,4447.0,7460.0,16154.0,10502.0,8245.0,95318.0,130049.0,48880.0,282492.0,128245.0,83386.0,8876.0,61985.0,282492.0,19670.0,-20678.0,1028.0
NTPC,2018,100287.0,77576.0,22710.0,2818.0,5605.0,8669.0,11255.0,14034.0,9895.0,101462.0,173058.0,62509.0,346923.0,150985.0,118397.0,8132.0,69409.0,346923.0,18686.0,-24063.0,4927.0
NTPC,2019,109464.0,77878.0,31586.0,8209.0,8189.0,10356.0,21250.0,11902.0,9895.0,108945.0,200630.0,58202.0,377671.0,187803.0,98508.0,9307.0,82053.0,377671.0,24583.0,-30322.0,6004.0
NTPC,2020,111531.0,77487.0,34044.0,5021.0,9224.0,12450.0,17390.0,14969.0,9697.0,116042.0,210208.0,62075.0,398022.0,203245.0,97506.0,10589.0,86681.0,398022.0,32444.0,-21034.0,-11049.0
NTPC,2021,132669.0,92307.0,40362.0,4809.0,9376.0,13788.0,22007.0,16960.0,9697.0,125677.0,210707.0,69751.0,415831.0,224923.0,91126.0,10626.0,89156.0,415831.0,41788.0,-22891.0,-19172.0
NTPC,2022,176207.0,128611.0,47596.0,2561.0,11447.0,14792.0,23917.0,17121.0,9697.0,137326.0,222913.0,77253.0,447189.0,240424.0,89179.0,13935.0,103651.0,447189.0,47152.0,-26145.0,-21217.0
NTPC,2023,178525.0,127056.0,51469.0,5177.0,12301.0,16204.0,28142.0,21332.0,9697.0,151013.0,237131.0,81437.0,479278.0,258934.0,87664.0,15885.0,116795.0,479278.0,40099.0,-31456.0,-8246.0
NTPC,2024,188138.0,133783.0,54355.0,8526.0,13282.0,17401.0,32198.0,23953.0,9697.0,174374.0,250096.0,89565.0,523732.0,271437.0,100859.0,19704.0,131733.0,523732.0,50488.0,-45852.0,-4073.0
NTPC,2025,187385.0,131947.0,55438.0,2662.0,13801.0,19629.0,24669.0,27546.0,9697.0,193479.0,271005.0,84262.0,558442.0,318697.0,84957.0,24180.0,130609.0,558442.0,50902.0,-37578.0,-11328.0
POWERGRID,2014,17540.0,2613.0,14927.0,731.0,4081.0,5173.0,6404.0,5046.0,5232.0,33207.0,96243.0,26102.0,160784.0,91191.0,53681.0,220.0,15693.0,160784.0,15800.0,-24185.0,6399.0
POWERGRID,2015,20652.0,2468.0,18184.0,656.0,5086.0,6182.0,7572.0,5959.0,5232.0,38738.0,108545.0,26797.0,179312.0,115094.0,45611.0,919.0,17688.0,179312.0,15008.0,-21576.0,5621.0
POWERGRID,2016,25697.0,3247.0,22450.0,933.0,6204.0,7722.0,9457.0,7451.0,5232.0,44634.0,118988.0,26809.0,195662.0,137678.0,38264.0,1165.0,18555.0,195662.0,21575.0,-23836.0,3959.0
POWERGRID,2017,29954.0,3993.0,25961.0,4065.0,7324.0,9231.0,13471.0,8204.0,5232.0,49194.0,131503.0,39425.0,225354.0,156198.0,37669.0,1224.0,30264.0,225354.0,22710.0,-25701.0,1285.0
POWERGRID,2018,35059.0,8140.0,26920.0,1505.0,8737.0,10541.0,9147.0,10034.0,5232.0,53857.0,146376.0,41916.0,247380.0,172740.0,37631.0,1296.0,35713.0,247380.0,23271.0,-18727.0,-2431.0
POWERGRID,2019,37744.0,4858.0,32886.0,2820.0,9509.0,11607.0,14590.0,11059.0,5232.0,59464.0,148270.0,43706.0,256671.0,181112.0,35177.0,1431.0,38951.0,256671.0,30739.0,-10733.0,-18806.0
POWERGRID,2020,39640.0,4734.0,34906.0,769.0,8135.0,12039.0,15501.0,12036.0,5232.0,64704.0,143232.0,42539.0,255708.0,183726.0,24838.0,1486.0,45659.0,255708.0,29403.0,-9244.0,-20521.0
POWERGRID,2021,41622.0,5796.0,35826.0,4692.0,8036.0,12872.0,19610.0,16824.0,6975.0,69272.0,134696.0,40008.0,250950.0,191773.0,12854.0,3788.0,42536.0,250950.0,26124.0,753.0,-28967.0
POWERGRID,2022,45581.0,7001.0,38580.0,2089.0,9634.0,13333.0,17702.0,15417.0,6975.0,76039.0,126661.0,40627.0,250303.0,185437.0,13772.0,3489.0,47604.0,250303.0,38005.0,-6126.0,-29264.0
POWERGRID,2023,45843.0,6599.0,39244.0,1138.0,8773.0,13095.0,18514.0,15573.0,9301.0,77845.0,123516.0,40168.0,250829.0,177761.0,18197.0,4163.0,50708.0,250829.0,37290.0,-13114.0,-25903.0
POWERGRID,2024,45792.0,7013.0,38779.0,2120.0,8700.0,12904.0,19294.0,15521.0,9301.0,83362.0,131030.0,42326.0,266019.0,172320.0,33585.0,3117.0,56998.0,266019.0,36222.0,-23532.0,-12357.0
POWERGRID,2025,46733.0,13901.0,32831.0,3193.0,8448.0,13030.0,14547.0,15928.0,9301.0,91193.0,148071.0,46109.0,294674.0,176531.0,43747.0,2995.0,71401.0,294674.0,40935.0,-35445.0,-4006.0
PTC,2014,13838.0,12836.0,1002.0,6.0,422.0,8.0,577.0,326.0,296.0,2786.0,5110.0,2477.0,10670.0,49.0,0.0,1293.0,9328.0,10670.0,-497.0,-160.0,709.0
PTC,2015,13447.0,12333.0,1114.0,154.0,633.0,10.0,624.0,406.0,296.0,3255.0,7724.0,3507.0,14782.0,387.0,0.0,1102.0,13293.0,14782.0,-1281.0,87.0,1124.0
PTC,2016,15311.0,13918.0,1393.0,203.0,802.0,21.0,772.0,506.0,296.0,3559.0,9999.0,4245.0,18098.0,2155.0,0.0,974.0,14970.0,18098.0,111.0,-1374.0,1353.0
PTC,2017,12766.0,11612.0,1154.0,147.0,946.0,97.0,258.0,165.0,296.0,3423.0,12353.0,3181.0,19253.0,2061.0,0.0,400.0,16792.0,19253.0,-1438.0,249.0,1278.0
PTC,2018,15155.0,13201.0,1954.0,130.0,1243.0,97.0,744.0,490.0,296.0,3666.0,13320.0,3996.0,21278.0,1967.0,0.0,291.0,19020.0,21278.0,-108.0,244.0,-408.0
PTC,2019,18101.0,16275.0,1826.0,23.0,1159.0,100.0,589.0,406.0,296.0,3891.0,11408.0,5514.0,21109.0,1884.0,0.0,564.0,18662.0,21109.0,3294.0,-414.0,-2570.0
PTC,2020,18346.0,16646.0,1699.0,8.0,928.0,100.0,679.0,458.0,296.0,4124.0,11479.0,4769.0,20668.0,1787.0,0.0,972.0,17909.0,20668.0,2108.0,-505.0,-1085.0
PTC,2021,16856.0,15276.0,1580.0,23.0,757.0,101.0,745.0,552.0,296.0,4427.0,9771.0,5387.0,19882.0,1693.0,0.0,768.0,17421.0,19882.0,3049.0,46.0,-2788.0
PTC,2022,15971.0,14616.0,1355.0,32.0,605.0,102.0,680.0,507.0,296.0,4723.0,6546.0,5065.0,16630.0,1617.0,0.0,326.0,14686.0,16630.0,3575.0,168.0,-4019.0
PTC,2023,16763.0,15694.0,1070.0,75.0,431.0,10.0,703.0,533.0,296.0,4846.0,4327.0,5654.0,15123.0,43.0,0.0,284.0,14796.0,15123.0,2451.0,-519.0,-2042.0
PTC,2024,15679.0,14810.0,869.0,1029.0,650.0,9.0,1239.0,976.0,296.0,5509.0,2962.0,4148.0,12916.0,38.0,0.0,377.0,12500.0,12916.0,1864.0,1430.0,-2459.0
PTC,2025,16771.0,15879.0,892.0,364.0,320.0,10.0,926.0,717.0,296.0,5685.0,1769.0,4881.0,12631.0,32.0,0.0,941.0,11658.0,12631.0,2817.0,-824.0,-3428.0
RPOWER,2014,6903.0,4317.0,2587.0,298.0,1074.0,524.0,1286.0,1028.0,2805.0,17827.0,33219.0,8175.0,62026.0,33634.0,15531.0,861.0,12001.0,62026.0,1399.0,-3630.0,695.0
RPOWER,2015,10299.0,5884.0,4414.0,323.0,2683.0,701.0,1353.0,895.0,2805.0,17422.0,33790.0,9997.0,64014.0,34515.0,7386.0,873.0,21240.0,64014.0,4574.0,-1348.0,-3194.0
RPOWER,2016,10396.0,5889.0,4506.0,496.0,2843.0,734.0,1425.0,1104.0,2805.0,18562.0,32925.0,9872.0,64165.0,34851.0,7403.0,799.0,21112.0,64165.0,4705.0,-2142.0,-3389.0
RPOWER,2017,9593.0,5199.0,4393.0,276.0,2926.0,759.0,984.0,840.0,2805.0,18430.0,31697.0,9242.0,62174.0,34881.0,6913.0,280.0,20100.0,62174.0,4365.0,354.0,-4311.0
RPOWER,2018,8201.0,4268.0,3934.0,-2823.0,3206.0,838.0,-2934.0,-2952.0,2805.0,14572.0,30456.0,10245.0,58078.0,35903.0,4276.0,224.0,17675.0,58078.0,4223.0,60.0,-4839.0
RPOWER,2019,7562.0,4536.0,3027.0,-3384.0,3054.0,836.0,-4248.0,-4271.0,2805.0,9064.0,28804.0,12671.0,53343.0,38574.0,3615.0,30.0,11124.0,53343.0,4543.0,-247.0,-4200.0
RPOWER,2020,7934.0,4359.0,3575.0,486.0,2539.0,1083.0,439.0,454.0,2805.0,9441.0,25635.0,12901.0,50782.0,37190.0,1912.0,36.0,11644.0,50782.0,4149.0,486.0,-4615.0
RPOWER,2021,7503.0,4768.0,2735.0,192.0,2721.0,1077.0,-871.0,-915.0,3400.0,8364.0,23129.0,14919.0,49812.0,36308.0,2020.0,37.0,11447.0,49812.0,3613.0,284.0,-3849.0
RPOWER,2022,7514.0,5628.0,1886.0,1296.0,2504.0,1017.0,-339.0,-403.0,3735.0,7860.0,21236.0,15704.0,48535.0,35776.0,2320.0,39.0,10401.0,48535.0,4024.0,-354.0,-3623.0
RPOWER,2023,7893.0,6733.0,1160.0,499.0,2451.0,1062.0,-1854.0,-2068.0,4017.0,7597.0,18766.0,13378.0,43758.0,33584.0,1293.0,209.0,8672.0,43758.0,3174.0,-192.0,-2734.0
RPOWER,2024,7583.0,5441.0,2142.0,3871.0,2056.0,910.0,3048.0,2948.0,4017.0,12320.0,15153.0,9793.0,41283.0,31859.0,1387.0,173.0,7864.0,41283.0,1938.0,451.0,-2435.0
RPOWER,2025,7620.0,5255.0,2365.0,-14.0,1666.0,829.0,-145.0,-337.0,4136.0,11904.0,14812.0,10441.0,41293.0,30944.0,1720.0,142.0,8486.0,41293.0,2824.0,-212.0,-1828.0
SJVN,2014,2816.0,372.0,2443.0,309.0,65.0,641.0,2047.0,1677.0,4137.0,6066.0,2648.0,1781.0,14632.0,9054.0,429.0,3.0,5147.0,14632.0,1492.0,-304.0,-746.0
SJVN,2015,2494.0,431.0,2063.0,541.0,218.0,677.0,1709.0,1411.0,4137.0,7166.0,2646.0,1440.0,15389.0,8775.0,505.0,36.0,6073.0,15389.0,2209.0,-768.0,-705.0
SJVN,2016,2679.0,480.0,2199.0,411.0,55.0,680.0,1875.0,1545.0,4137.0,7353.0,2416.0,1486.0,15392.0,8425.0,661.0,90.0,6216.0,15392.0,2376.0,-1199.0,-1621.0
SJVN,2017,2228.0,524.0,1705.0,409.0,101.0,365.0,1648.0,1225.0,3930.0,6770.0,2231.0,1460.0,14391.0,8087.0,944.0,120.0,5239.0,14391.0,1641.0,15.0,-2272.0
SJVN,2018,2645.0,606.0,2039.0,397.0,251.0,390.0,1795.0,1367.0,3930.0,7316.0,2155.0,1572.0,14974.0,8142.0,1303.0,160.0,5368.0,14974.0,1018.0,-34.0,-1107.0
SJVN,2019,2703.0,590.0,2112.0,587.0,344.0,384.0,1972.0,1567.0,3930.0,8121.0,2238.0,1666.0,15955.0,8051.0,2265.0,195.0,5444.0,15955.0,1714.0,-95.0,-1345.0
SJVN,2020,2485.0,619.0,1867.0,425.0,42.0,393.0,1856.0,1646.0,3930.0,8861.0,2174.0,2508.0,17473.0,8007.0,4298.0,222.0,4946.0,17473.0,1983.0,-1145.0,-1105.0
SJVN,2021,2417.0,623.0,1794.0,195.0,226.0,404.0,1360.0,990.0,3930.0,9241.0,6906.0,3172.0,23248.0,7866.0,8369.0,275.0,6738.0,23248.0,2138.0,-6132.0,3669.0
SJVN,2022,2938.0,665.0,2273.0,310.0,449.0,396.0,1738.0,1359.0,3930.0,9930.0,14059.0,4392.0,32311.0,8489.0,15674.0,36.0,8112.0,32311.0,1632.0,-6877.0,5559.0
SJVN,2023,2579.0,737.0,1843.0,380.0,482.0,557.0,1183.0,911.0,3930.0,10141.0,20323.0,4797.0,39191.0,10906.0,20033.0,37.0,8215.0,39191.0,1310.0,-5502.0,4502.0
SJVN,2024,3072.0,849.0,2223.0,308.0,743.0,676.0,1112.0,818.0,3930.0,10249.0,27025.0,4859.0,46063.0,11610.0,26414.0,61.0,7978.0,46063.0,2483.0,-6430.0,3939.0
SJVN,2025,4528.0,1168.0,3361.0,180.0,1298.0,1042.0,1201.0,642.0,3930.0,10309.0,32278.0,5248.0,51766.0,23459.0,19155.0,52.0,9100.0,51766.0,1860.0,-3481.0,2385.0
TATAPOWER,2014,33593.0,27292.0,6301.0,1056.0,3699.0,2174.0,1484.0,457.0,270.0,14048.0,40607.0,20260.0,75185.0,44726.0,3323.0,3445.0,23692.0,75185.0,5981.0,-3865.0,-2239.0
TATAPOWER,2015,29494.0,27389.0,2105.0,4060.0,3236.0,1649.0,1281.0,786.0,270.0,11363.0,38849.0,19575.0,70057.0,36414.0,1345.0,11785.0,20513.0,70057.0,7415.0,-1805.0,-6183.0
TATAPOWER,2016,27588.0,22114.0,5473.0,1297.0,3365.0,1956.0,1450.0,1100.0,270.0,12944.0,48815.0,20799.0,82829.0,46595.0,2178.0,11873.0,22184.0,82829.0,7014.0,-7373.0,937.0
TATAPOWER,2017,26840.0,21833.0,5007.0,3873.0,3761.0,2346.0,2773.0,2611.0,270.0,16129.0,48589.0,16903.0,81892.0,44656.0,1653.0,12429.0,23154.0,81892.0,6364.0,-1512.0,-4726.0
TATAPOWER,2018,29881.0,23449.0,6432.0,3824.0,4170.0,2393.0,3693.0,2606.0,270.0,18035.0,48506.0,17262.0,84073.0,44305.0,2576.0,13542.0,23651.0,84073.0,4574.0,-272.0,-5184.0
TATAPOWER,2019,29136.0,22331.0,6805.0,2280.0,4494.0,2634.0,1958.0,1316.0,270.0,19296.0,51936.0,18172.0,89674.0,47666.0,1612.0,14535.0,25861.0,89674.0,7375.0,-493.0,-5110.0
TATAPOWER,2020,32703.0,25782.0,6921.0,1775.0,4010.0,2745.0,1941.0,1439.0,320.0,22003.0,46708.0,29625.0,98655.0,52179.0,3270.0,13149.0,30056.0,98655.0,8345.0,993.0,-7603.0
TATAPOWER,2021,42816.0,35785.0,7031.0,2486.0,3859.0,3122.0,2535.0,2156.0,320.0,22122.0,51195.0,38913.0,112550.0,57389.0,4635.0,14160.0,36365.0,112550.0,6693.0,-6250.0,-1183.0
TATAPOWER,2022,55109.0,47381.0,7728.0,5540.0,4372.0,3439.0,5457.0,3810.0,320.0,28468.0,52923.0,46386.0,128096.0,61747.0,5376.0,16670.0,44303.0,128096.0,7166.0,-7263.0,1341.0
TATAPOWER,2023,61449.0,50714.0,10735.0,3416.0,4633.0,3786.0,5732.0,4280.0,320.0,32036.0,53689.0,53010.0,139054.0,67210.0,11561.0,16316.0,43968.0,139054.0,12504.0,-8935.0,-4497.0
TATAPOWER,2024,65478.0,53029.0,12450.0,2689.0,4702.0,4117.0,6320.0,4775.0,320.0,35521.0,62866.0,57487.0,156193.0,78374.0,12679.0,16316.0,48824.0,156193.0,12680.0,-15436.0,4292.0
TATAPOWER,2025,62429.0,49157.0,13271.0,3433.0,5257.0,4811.0,6636.0,5118.0,320.0,39148.0,76141.0,58956.0,174564.0,87293.0,14595.0,16575.0,56102.0,174564.0,5993.0,-14129.0,7783.0
TORNTPOWER,2014,10348.0,8246.0,2103.0,320.0,962.0,720.0,740.0,363.0,472.0,6083.0,9355.0,3722.0,19632.0,15088.0,233.0,607.0,3705.0,19632.0,2251.0,-1158.0,-1206.0
TORNTPOWER,2015,11680.0,8681.0,2999.0,337.0,1131.0,916.0,1290.0,902.0,481.0,5990.0,8515.0,4626.0,19612.0,15139.0,213.0,511.0,3748.0,19612.0,2550.0,-911.0,-2163.0
TORNTPOWER,2016,9960.0,7487.0,2472.0,179.0,1058.0,1006.0,587.0,430.0,481.0,6411.0,8768.0,5132.0,20793.0,16804.0,332.0,671.0,2986.0,20793.0,2356.0,-2122.0,-674.0
TORNTPOWER,2017,11512.0,8364.0,3148.0,232.0,848.0,1132.0,1401.0,952.0,481.0,7239.0,9298.0,5571.0,22589.0,17871.0,393.0,873.0,3453.0,22589.0,2764.0,-2418.0,-311.0
TORNTPOWER,2018,13151.0,9934.0,3217.0,172.0,899.0,1227.0,1264.0,904.0,481.0,8490.0,9715.0,5865.0,24550.0,18014.0,359.0,914.0,5263.0,24550.0,2425.0,-1828.0,-617.0
TORNTPOWER,2019,13641.0,10045.0,3596.0,-862.0,955.0,1304.0,475.0,1179.0,481.0,8673.0,8908.0,5541.0,23603.0,17569.0,568.0,724.0,4743.0,23603.0,3610.0,-1129.0,-2506.0
TORNTPOWER,2020,12173.0,8695.0,3477.0,130.0,776.0,1280.0,1552.0,1296.0,481.0,9704.0,7817.0,5513.0,23514.0,17326.0,838.0,466.0,4885.0,23514.0,2988.0,-910.0,-2061.0
TORNTPOWER,2021,14258.0,10643.0,3615.0,-1089.0,628.0,1334.0,564.0,459.0,481.0,9463.0,9143.0,5902.0,24988.0,17097.0,1297.0,407.0,6187.0,24988.0,3167.0,-2483.0,-502.0
TORNTPOWER,2022,25694.0,20906.0,4789.0,352.0,818.0,1281.0,3041.0,2165.0,481.0,10529.0,10541.0,8320.0,29872.0,19269.0,2625.0,804.0,7174.0,29872.0,3456.0,-3216.0,-341.0
TORNTPOWER,2023,27183.0,22587.0,4596.0,307.0,943.0,1378.0,2583.0,1896.0,481.0,11581.0,11632.0,9633.0,33326.0,21802.0,2472.0,954.0,8097.0,33326.0,4258.0,-3544.0,-551.0
TORNTPOWER,2024,29165.0,23844.0,5322.0,473.0,1045.0,1497.0,3253.0,3059.0,504.0,17111.0,8840.0,10004.0,36459.0,24286.0,2250.0,895.0,9028.0,36459.0,4805.0,-3650.0,-1216.0
TORNTPOWER,2025,28966.0,23389.0,5577.0,287.0,934.0,1613.0,3317.0,2469.0,504.0,18571.0,13971.0,11999.0,45045.0,25611.0,6965.0,1531.0,10938.0,45045.0,5464.0,-8088.0,3101.0
