ticker,price_date,price,shares_cr,cash_cr,minority_cr,beta_2y_weekly,high_52w,low_52w,listed_sub_mcap_cr,mcap_cr
NTPC,2026-08-14,336.37,969.6666134,6449.68,7977.39,0.879,405.82,312.74,77463.24890426817,326166.758749358
TATAPOWER,2026-08-14,382.05,319.5339547,5765.79,8070.86,1.201,458.96,343.12,0.0,122077.947393135
JSWENERGY,2026-08-14,560.0,183.2372944,8109.01,2825.85,0.823,600.01,438.56,0.0,102612.88486399999
ADANIPOWER,2026-08-14,205.25,1928.4694705,2391.56,1465.04,0.804,248.91,116.81,0.0,395818.358820125
TORNTPOWER,2026-08-14,1309.1,50.3903543,2319.41,633.42,1.436,1766.38,1183.59,0.0,65966.01281413
CESC,2026-08-14,161.84,132.557043,5603.51,658.51,1.228,191.62,135.41,0.0,21453.031839119998
NHPC,2026-08-14,76.9,1004.5034805,3527.55,6967.67,1.093,86.8,71.93,0.0,77246.31765045
SJVN,2026-08-14,66.85,392.9795175,2135.95,10.38,1.524,97.18,63.01,0.0,26270.680744874997
NLCINDIA,2026-08-14,275.14,138.6636609,713.36,3749.25,1.058,370.55,220.48,0.0,38151.919660026
POWERGRID,2026-08-14,266.05,930.0603819,4933.31,0.0,0.837,319.41,250.06,0.0,247442.564604495
ADANIGREEN,2026-08-14,1348.0,164.7176155,4073.0,9914.0,1.891,1604.5,772.8,0.0,222039.345694
RPOWER,2026-08-14,22.98,413.5770966,504.25,0.0,2.03,50.09,20.36,0.0,9504.001679868
JPPOWER,2026-08-14,17.39,685.3458827,754.95,0.0,1.119,22.87,13.37,0.0,11918.164900152999
PTC,2026-08-14,161.47,29.6008321,4585.22,1077.78,1.229,201.66,132.94,0.0,4779.646359187001
