ticker,quarter_end,ebitda,pat,revenue
JSWENERGY,2025-03-31,1517.85,408.05,3189.39
JSWENERGY,2025-06-30,3059.52,743.12,5143.37
JSWENERGY,2025-12-31,2140.7,419.94,4081.76
JSWENERGY,2026-03-31,2605.25,371.57,4498.58
JSWENERGY,2026-06-30,3104.73,470.97,5207.13
NTPC,2025-03-31,16637.91,7611.22,49833.7
NTPC,2025-06-30,13812.26,6010.6,47065.36
NTPC,2025-12-31,15642.4,5488.67,45845.68
NTPC,2026-03-31,17236.99,10486.47,49687.77
NTPC,2026-06-30,17259.37,6721.05,50740.96
TATAPOWER,2025-06-30,4059.59,1059.86,18035.07
TATAPOWER,2025-09-30,4160.6,919.44,15544.91
TATAPOWER,2025-12-31,4111.19,771.98,13948.41
TATAPOWER,2026-03-31,4372.49,995.91,14900.2
TATAPOWER,2026-06-30,4489.98,1175.93,19051.26
